{
  "BEACON_HILL_20250528_00000.jpg": {
    "id": 0,
    "timestamp": 1748463782.353451,
    "position": {
      "x": 323464.507106,
      "y": 827038.912240,
      "z": 16.626305
    },
    "orientation": {
      "w": 0.718987, "x": 0.034107, "y": -0.101386, "z": 0.686743
    }
  },
  "BEACON_HILL_20250528_00001.jpg": {
    "id": 1,
    "timestamp": 1748463804.992049,
    "position": {
      "x": 323464.635560, "y": 827050.021306, "z": 17.167660
    },
    "orientation": {
      "w": 0.827268, "x": 0.062761, "y": -0.074557, "z": 0.553290
    }
  },
  "BEACON_HILL_20250528_00002.jpg": {
    "id": 2,
    "timestamp": 1748463813.871675,
    "position": {
      "x": 323467.394338, "y": 827059.681899, "z": 17.596147
    },
    "orientation": {
      "w": 0.889470, "x": 0.093501, "y": 0.034543, "z": 0.445991
    }
  },
  "BEACON_HILL_20250528_00003.jpg": {
    "id": 3,
    "timestamp": 1748463822.446378,
    "position": {
      "x": 323472.106732, "y": 827067.740945, "z": 17.721948
    },
    "orientation": {
      "w": 0.934583, "x": 0.044781, "y": 0.011049, "z": 0.352743
    }
  },
  "BEACON_HILL_20250528_00004.jpg": {
    "id": 4,
    "timestamp": 1748463830.733398,
    "position": {
      "x": 323478.478483, "y": 827073.951730, "z": 17.728388
    },
    "orientation": {
      "w": 0.978332, "x": 0.106176, "y": 0.044601, "z": 0.172059
    }
  },
  "BEACON_HILL_20250528_00005.jpg": {
    "id": 5,
    "timestamp": 1748463839.313129,
    "position": {
      "x": 323486.488013, "y": 827078.253260, "z": 17.371878
    },
    "orientation": {
      "w": 0.996563, "x": 0.052627, "y": 0.062395, "z": 0.014089
    }
  },
  "BEACON_HILL_20250528_00006.jpg": {
    "id": 6,
    "timestamp": 1748463850.599385,
    "position": {
      "x": 323494.734650, "y": 827079.367398, "z": 16.772087
    },
    "orientation": {
      "w": 0.960247, "x": 0.010192, "y": 0.030102, "z": -0.277338
    }
  },
  "BEACON_HILL_20250528_00007.jpg": {
    "id": 7,
    "timestamp": 1748463859.139217,
    "position": {
      "x": 323501.702839, "y": 827074.883901, "z": 16.194041
    },
    "orientation": {
      "w": 0.956615, "x": -0.066893, "y": -0.049270, "z": -0.279258
    }
  },
  "BEACON_HILL_20250528_00008.jpg": {
    "id": 8,
    "timestamp": 1748463867.193609,
    "position": {
      "x": 323507.373514, "y": 827069.590342, "z": 15.758152
    },
    "orientation": {
      "w": 0.985843, "x": -0.059045, "y": -0.064892, "z": -0.142884
    }
  },
  "BEACON_HILL_20250528_00009.jpg": {
    "id": 9,
    "timestamp": 1748463875.382686,
    "position": {
      "x": 323511.930538, "y": 827064.044507, "z": 15.217695
    },
    "orientation": {
      "w": 0.982224, "x": 0.089884, "y": -0.019161, "z": 0.163676
    }
  },
  "BEACON_HILL_20250528_00010.jpg": {
    "id": 10,
    "timestamp": 1748463884.157117,
    "position": {
      "x": 323517.887558, "y": 827068.316581, "z": 14.838981
    },
    "orientation": {
      "w": 0.949785, "x": 0.026248, "y": -0.021646, "z": 0.311048
    }
  },
  "BEACON_HILL_20250528_00011.jpg": {
    "id": 11,
    "timestamp": 1748463894.853312,
    "position": {
      "x": 323518.191711, "y": 827073.339465, "z": 14.934264
    },
    "orientation": {
      "w": 0.289688, "x": 0.021383, "y": -0.019535, "z": 0.956683
    }
  },
  "BEACON_HILL_20250528_00012.jpg": {
    "id": 12,
    "timestamp": 1748463934.109356,
    "position": {
      "x": 323518.549158, "y": 827081.723477, "z": 15.155412
    },
    "orientation": {
      "w": 0.516376, "x": 0.067481, "y": -0.041621, "z": 0.852684
    }
  },
  "BEACON_HILL_20250528_00013.jpg": {
    "id": 13,
    "timestamp": 1748463949.014888,
    "position": {
      "x": 323511.357818, "y": 827087.252473, "z": 15.575660
    },
    "orientation": {
      "w": 0.031896, "x": 0.060807, "y": 0.027303, "z": 0.997266
    }
  },
  "BEACON_HILL_20250528_00014.jpg": {
    "id": 14,
    "timestamp": 1748463958.255962,
    "position": {
      "x": 323500.992004, "y": 827087.408256, "z": 16.176891
    },
    "orientation": {
      "w": -0.018772, "x": -0.050495, "y": 0.010108, "z": 0.998497
    }
  },
  "BEACON_HILL_20250528_00015.jpg": {
    "id": 15,
    "timestamp": 1748463993.265831,
    "position": {
      "x": 323506.039993, "y": 827079.426843, "z": 15.850721
    },
    "orientation": {
      "w": 0.989673, "x": -0.025710, "y": -0.064819, "z": -0.125237
    }
  },
  "BEACON_HILL_20250528_00016.jpg": {
    "id": 16,
    "timestamp": 1748464015.392780,
    "position": {
      "x": 323482.199706, "y": 827082.309616, "z": 17.364676
    },
    "orientation": {
      "w": -0.248362, "x": 0.073693, "y": -0.007255, "z": 0.965833
    }
  },
  "BEACON_HILL_20250528_00017.jpg": {
    "id": 17,
    "timestamp": 1748464025.363094,
    "position": {
      "x": 323473.038276, "y": 827076.708037, "z": 17.548473
    },
    "orientation": {
      "w": -0.431061, "x": 0.006829, "y": 0.009653, "z": 0.902245
    }
  },
  "BEACON_HILL_20250528_00018.jpg": {
    "id": 18,
    "timestamp": 1748464049.953446,
    "position": {
      "x": 323465.443448, "y": 827068.291076, "z": 17.583627
    },
    "orientation": {
      "w": -0.444280, "x": -0.053383, "y": -0.012499, "z": 0.894209
    }
  },
  "BEACON_HILL_20250528_00019.jpg": {
    "id": 19,
    "timestamp": 1748464066.702778,
    "position": {
      "x": 323451.870651, "y": 827058.307682, "z": 18.709683
    },
    "orientation": {
      "w": 0.653739, "x": -0.004847, "y": -0.006778, "z": -0.756674
    }
  },
  "BEACON_HILL_20250528_00020.jpg": {
    "id": 20,
    "timestamp": 1748464076.495764,
    "position": {
      "x": 323457.716374, "y": 827050.636925, "z": 16.457185
    },
    "orientation": {
      "w": 0.980457, "x": -0.004618, "y": 0.164752, "z": -0.107423
    }
  },
  "BEACON_HILL_20250528_00021.jpg": {
    "id": 21,
    "timestamp": 1748464085.826654,
    "position": {
      "x": 323455.043090, "y": 827042.972617, "z": 16.610083
    },
    "orientation": {
      "w": 0.020301, "x": 0.057858, "y": 0.017941, "z": 0.997957
    }
  },
  "BEACON_HILL_20250528_00022.jpg": {
    "id": 22,
    "timestamp": 1748464098.825883,
    "position": {
      "x": 323436.706432, "y": 827043.213901, "z": 17.362808
    },
    "orientation": {
      "w": 0.027442, "x": 0.073574, "y": -0.013413, "z": 0.996822
    }
  },
  "BEACON_HILL_20250528_00023.jpg": {
    "id": 23,
    "timestamp": 1748464100.871039,
    "position": {
      "x": 323435.105227, "y": 827043.276516, "z": 16.944828
    },
    "orientation": {
      "w": 0.030040, "x": -0.195052, "y": 0.027876, "z": 0.979936
    }
  },
  "BEACON_HILL_20250528_00024.jpg": {
    "id": 24,
    "timestamp": 1748464110.872925,
    "position": {
      "x": 323420.453369, "y": 827043.944438, "z": 17.343960
    },
    "orientation": {
      "w": 0.173192, "x": 0.042477, "y": -0.040169, "z": 0.983151
    }
  },
  "BEACON_HILL_20250528_00025.jpg": {
    "id": 25,
    "timestamp": 1748464120.084729,
    "position": {
      "x": 323410.600833, "y": 827046.919866, "z": 17.054532
    },
    "orientation": {
      "w": 0.293633, "x": 0.019898, "y": -0.037203, "z": 0.954987
    }
  },
  "BEACON_HILL_20250528_00026.jpg": {
    "id": 26,
    "timestamp": 1748464160.365781,
    "position": {
      "x": 323458.404517, "y": 827033.877426, "z": 16.305663
    },
    "orientation": {
      "w": 0.706913, "x": -0.045621, "y": -0.061961, "z": -0.703103
    }
  },
  "BEACON_HILL_20250528_00027.jpg": {
    "id": 27,
    "timestamp": 1748464169.006200,
    "position": {
      "x": 323457.965652, "y": 827025.194486, "z": 16.063863
    },
    "orientation": {
      "w": 0.686554, "x": -0.084577, "y": -0.058403, "z": -0.719777
    }
  },
  "BEACON_HILL_20250528_00028.jpg": {
    "id": 28,
    "timestamp": 1748464187.761818,
    "position": {
      "x": 323456.431132, "y": 827013.760809, "z": 16.073837
    },
    "orientation": {
      "w": 0.920931, "x": -0.062346, "y": -0.069602, "z": -0.378357
    }
  },
  "BEACON_HILL_20250528_00029.jpg": {
    "id": 29,
    "timestamp": 1748464197.969810,